﻿<?xml version="1.0" encoding="UTF-8"?>
<tv generator-info-name="WebGrab+Plus/w MDB &amp; REX Postprocess -- version V2.1.5 -- Jan van Straaten" generator-info-url="http://www.webgrabplus.com">
  <channel id="Alabama">
    <display-name lang="en">Alabama</display-name>
    <url>http://www.fixed</url>
  </channel>
  <channel id="Arizona">
    <display-name lang="en">Arizona</display-name>
    <url>http://www.fixed</url>
  </channel>
  <channel id="Arkansas">
    <display-name lang="en">Arkansas</display-name>
    <url>http://www.fixed</url>
  </channel>
  <channel id="KSAZ">
    <display-name lang="en">California</display-name>
    <url>http://www.fixed</url>
  </channel>
  <channel id="Florida">
    <display-name lang="en">Florida</display-name>
    <url>http://www.fixed</url>
  </channel>
  <channel id="Georgia">
    <display-name lang="en">Georgia</display-name>
    <url>http://www.fixed</url>
  </channel>
  <channel id="Idaho">
    <display-name lang="en">Idaho</display-name>
    <url>http://www.fixed</url>
  </channel>
  <channel id="Illinois">
    <display-name lang="en">Illinois</display-name>
    <url>http://www.fixed</url>
  </channel>
  <channel id="Indiana">
    <display-name lang="en">Indiana</display-name>
    <url>http://www.fixed</url>
  </channel>
  <channel id="Iowa">
    <display-name lang="en">Iowa</display-name>
    <url>http://www.fixed</url>
  </channel>
  <channel id="Kansas">
    <display-name lang="en">Kansas</display-name>
    <url>http://www.fixed</url>
  </channel>
  <channel id="KDFW">
    <display-name lang="en">Kentucky</display-name>
    <url>http://www.fixed</url>
  </channel>
  <channel id="Kentucky">
    <display-name lang="en">Kentucky</display-name>
    <url>http://www.fixed</url>
  </channel>
  <channel id="Louisiana">
    <display-name lang="en">Louisiana</display-name>
    <url>http://www.fixed</url>
  </channel>
  <channel id="Maine">
    <display-name lang="en">Maine</display-name>
    <url>http://www.fixed</url>
  </channel>
  <channel id="Massachusetts">
    <display-name lang="en">Massachusetts</display-name>
    <url>http://www.fixed</url>
  </channel>
  <channel id="Michigan">
    <display-name lang="en">Michigan</display-name>
    <url>http://www.fixed</url>
  </channel>
  <channel id="Minnesota">
    <display-name lang="en">Minnesota</display-name>
    <url>http://www.fixed</url>
  </channel>
  <channel id="Mississippi">
    <display-name lang="en">Mississippi</display-name>
    <url>http://www.fixed</url>
  </channel>
  <channel id="Missouri">
    <display-name lang="en">Missouri</display-name>
    <url>http://www.fixed</url>
  </channel>
  <channel id="Montana">
    <display-name lang="en">Montana</display-name>
    <url>http://www.fixed</url>
  </channel>
  <channel id="Nebraska">
    <display-name lang="en">Nebraska</display-name>
    <url>http://www.fixed</url>
  </channel>
  <channel id="Nevada">
    <display-name lang="en">Nevada</display-name>
    <url>http://www.fixed</url>
  </channel>
  <channel id="New Jersey">
    <display-name lang="en">New Jersey</display-name>
    <url>http://www.fixed</url>
  </channel>
  <channel id="New Mexico">
    <display-name lang="en">New Mexico</display-name>
    <url>http://www.fixed</url>
  </channel>
  <channel id="New York">
    <display-name lang="en">New York</display-name>
    <url>http://www.fixed</url>
  </channel>
  <channel id="North Carolina">
    <display-name lang="en">North Carolina</display-name>
    <url>http://www.fixed</url>
  </channel>
  <channel id="Ohio">
    <display-name lang="en">Ohio</display-name>
    <url>http://www.fixed</url>
  </channel>
  <channel id="Oklahoma">
    <display-name lang="en">Oklahoma</display-name>
    <url>http://www.fixed</url>
  </channel>
  <channel id="Oregon">
    <display-name lang="en">Oregon</display-name>
    <url>http://www.fixed</url>
  </channel>
  <channel id="Pennsylvania">
    <display-name lang="en">Pennsylvania</display-name>
    <url>http://www.fixed</url>
  </channel>
  <channel id="Rhode Island">
    <display-name lang="en">Rhode Island</display-name>
    <url>http://www.fixed</url>
  </channel>
  <channel id="South Carolina">
    <display-name lang="en">South Carolina</display-name>
    <url>http://www.fixed</url>
  </channel>
  <channel id="South Dakota">
    <display-name lang="en">South Dakota</display-name>
    <url>http://www.fixed</url>
  </channel>
  <channel id="Tennessee">
    <display-name lang="en">Tennessee</display-name>
    <url>http://www.fixed</url>
  </channel>
  <channel id="Texas">
    <display-name lang="en">Texas</display-name>
    <url>http://www.fixed</url>
  </channel>
  <channel id="Utah">
    <display-name lang="en">Utah</display-name>
    <url>http://www.fixed</url>
  </channel>
  <channel id="Virginia">
    <display-name lang="en">Virginia</display-name>
    <url>http://www.fixed</url>
  </channel>
  <channel id="Washington">
    <display-name lang="en">Washington</display-name>
    <url>http://www.fixed</url>
  </channel>
  <channel id="Wisconsin">
    <display-name lang="en">Wisconsin</display-name>
    <url>http://www.fixed</url>
  </channel>
  <programme start="20181221000000 +0000" stop="20181221235900 +0000" channel="Alabama">
    <title lang="en">[COLOR blue]Alabama[/COLOR] - Live Local News Network Streams</title>
    <sub-title lang="en">All day long</sub-title>
    <desc lang="en">[COLOR orange]Stream Available During Regularly Scheduled Air Times.  Some networks provide 24/7 news streams.[/COLOR].</desc>
  </programme>
  <programme start="20181222000000 +0000" stop="20181222235900 +0000" channel="Alabama">
    <title lang="en">[COLOR blue]Alabama[/COLOR] - Live Local News Network Streams</title>
    <sub-title lang="en">All day long</sub-title>
    <desc lang="en">[COLOR orange]Stream Available During Regularly Scheduled Air Times.  Some networks provide 24/7 news streams.[/COLOR].</desc>
  </programme>
  <programme start="20181223000000 +0000" stop="20181223235900 +0000" channel="Alabama">
    <title lang="en">[COLOR blue]Alabama[/COLOR] - Live Local News Network Streams</title>
    <sub-title lang="en">All day long</sub-title>
    <desc lang="en">[COLOR orange]Stream Available During Regularly Scheduled Air Times.  Some networks provide 24/7 news streams.[/COLOR].</desc>
  </programme>
  <programme start="20181224000000 +0000" stop="20181224235900 +0000" channel="Alabama">
    <title lang="en">[COLOR blue]Alabama[/COLOR] - Live Local News Network Streams</title>
    <sub-title lang="en">All day long</sub-title>
    <desc lang="en">[COLOR orange]Stream Available During Regularly Scheduled Air Times.  Some networks provide 24/7 news streams.[/COLOR].</desc>
  </programme>
  <programme start="20181221000000 +0000" stop="20181221235900 +0000" channel="Arizona">
    <title lang="en">[COLOR blue]Arizona[/COLOR] - Live Local News Network Streams</title>
    <sub-title lang="en">All day long</sub-title>
    <desc lang="en">[COLOR orange]Stream Available During Regularly Scheduled Air Times.  Some networks provide 24/7 news streams.[/COLOR].</desc>
  </programme>
  <programme start="20181222000000 +0000" stop="20181222235900 +0000" channel="Arizona">
    <title lang="en">[COLOR blue]Arizona[/COLOR] - Live Local News Network Streams</title>
    <sub-title lang="en">All day long</sub-title>
    <desc lang="en">[COLOR orange]Stream Available During Regularly Scheduled Air Times.  Some networks provide 24/7 news streams.[/COLOR].</desc>
  </programme>
  <programme start="20181223000000 +0000" stop="20181223235900 +0000" channel="Arizona">
    <title lang="en">[COLOR blue]Arizona[/COLOR] - Live Local News Network Streams</title>
    <sub-title lang="en">All day long</sub-title>
    <desc lang="en">[COLOR orange]Stream Available During Regularly Scheduled Air Times.  Some networks provide 24/7 news streams.[/COLOR].</desc>
  </programme>
  <programme start="20181224000000 +0000" stop="20181224235900 +0000" channel="Arizona">
    <title lang="en">[COLOR blue]Arizona[/COLOR] - Live Local News Network Streams</title>
    <sub-title lang="en">All day long</sub-title>
    <desc lang="en">[COLOR orange]Stream Available During Regularly Scheduled Air Times.  Some networks provide 24/7 news streams.[/COLOR].</desc>
  </programme>
  <programme start="20181221000000 +0000" stop="20181221235900 +0000" channel="Arkansas">
    <title lang="en">[COLOR blue]Arkansas[/COLOR] - Live Local News Network Streams</title>
    <sub-title lang="en">All day long</sub-title>
    <desc lang="en">[COLOR orange]Stream Available During Regularly Scheduled Air Times.  Some networks provide 24/7 news streams.[/COLOR].</desc>
  </programme>
  <programme start="20181222000000 +0000" stop="20181222235900 +0000" channel="Arkansas">
    <title lang="en">[COLOR blue]Arkansas[/COLOR] - Live Local News Network Streams</title>
    <sub-title lang="en">All day long</sub-title>
    <desc lang="en">[COLOR orange]Stream Available During Regularly Scheduled Air Times.  Some networks provide 24/7 news streams.[/COLOR].</desc>
  </programme>
  <programme start="20181223000000 +0000" stop="20181223235900 +0000" channel="Arkansas">
    <title lang="en">[COLOR blue]Arkansas[/COLOR] - Live Local News Network Streams</title>
    <sub-title lang="en">All day long</sub-title>
    <desc lang="en">[COLOR orange]Stream Available During Regularly Scheduled Air Times.  Some networks provide 24/7 news streams.[/COLOR].</desc>
  </programme>
  <programme start="20181224000000 +0000" stop="20181224235900 +0000" channel="Arkansas">
    <title lang="en">[COLOR blue]Arkansas[/COLOR] - Live Local News Network Streams</title>
    <sub-title lang="en">All day long</sub-title>
    <desc lang="en">[COLOR orange]Stream Available During Regularly Scheduled Air Times.  Some networks provide 24/7 news streams.[/COLOR].</desc>
  </programme>
  <programme start="20181221000000 +0000" stop="20181221235900 +0000" channel="KSAZ">
    <title lang="en">[COLOR blue]California[/COLOR] - Live Local News Network Streams</title>
    <sub-title lang="en">All day long</sub-title>
    <desc lang="en">[COLOR orange]Stream Available During Regularly Scheduled Air Times.  Some networks provide 24/7 news streams.[/COLOR].</desc>
  </programme>
  <programme start="20181222000000 +0000" stop="20181222235900 +0000" channel="KSAZ">
    <title lang="en">[COLOR blue]California[/COLOR] - Live Local News Network Streams</title>
    <sub-title lang="en">All day long</sub-title>
    <desc lang="en">[COLOR orange]Stream Available During Regularly Scheduled Air Times.  Some networks provide 24/7 news streams.[/COLOR].</desc>
  </programme>
  <programme start="20181223000000 +0000" stop="20181223235900 +0000" channel="KSAZ">
    <title lang="en">[COLOR blue]California[/COLOR] - Live Local News Network Streams</title>
    <sub-title lang="en">All day long</sub-title>
    <desc lang="en">[COLOR orange]Stream Available During Regularly Scheduled Air Times.  Some networks provide 24/7 news streams.[/COLOR].</desc>
  </programme>
  <programme start="20181224000000 +0000" stop="20181224235900 +0000" channel="KSAZ">
    <title lang="en">[COLOR blue]California[/COLOR] - Live Local News Network Streams</title>
    <sub-title lang="en">All day long</sub-title>
    <desc lang="en">[COLOR orange]Stream Available During Regularly Scheduled Air Times.  Some networks provide 24/7 news streams.[/COLOR].</desc>
  </programme>
  <programme start="20181221000000 +0000" stop="20181221235900 +0000" channel="Florida">
    <title lang="en">[COLOR blue]Florida[/COLOR] - Live Local News Network Streams</title>
    <sub-title lang="en">All day long</sub-title>
    <desc lang="en">[COLOR orange]Stream Available During Regularly Scheduled Air Times.  Some networks provide 24/7 news streams.[/COLOR].</desc>
  </programme>
  <programme start="20181222000000 +0000" stop="20181222235900 +0000" channel="Florida">
    <title lang="en">[COLOR blue]Florida[/COLOR] - Live Local News Network Streams</title>
    <sub-title lang="en">All day long</sub-title>
    <desc lang="en">[COLOR orange]Stream Available During Regularly Scheduled Air Times.  Some networks provide 24/7 news streams.[/COLOR].</desc>
  </programme>
  <programme start="20181223000000 +0000" stop="20181223235900 +0000" channel="Florida">
    <title lang="en">[COLOR blue]Florida[/COLOR] - Live Local News Network Streams</title>
    <sub-title lang="en">All day long</sub-title>
    <desc lang="en">[COLOR orange]Stream Available During Regularly Scheduled Air Times.  Some networks provide 24/7 news streams.[/COLOR].</desc>
  </programme>
  <programme start="20181224000000 +0000" stop="20181224235900 +0000" channel="Florida">
    <title lang="en">[COLOR blue]Florida[/COLOR] - Live Local News Network Streams</title>
    <sub-title lang="en">All day long</sub-title>
    <desc lang="en">[COLOR orange]Stream Available During Regularly Scheduled Air Times.  Some networks provide 24/7 news streams.[/COLOR].</desc>
  </programme>
  <programme start="20181221000000 +0000" stop="20181221235900 +0000" channel="Georgia">
    <title lang="en">[COLOR blue]Georgia[/COLOR] - Live Local News Network Streams</title>
    <sub-title lang="en">All day long</sub-title>
    <desc lang="en">[COLOR orange]Stream Available During Regularly Scheduled Air Times.  Some networks provide 24/7 news streams.[/COLOR].</desc>
  </programme>
  <programme start="20181222000000 +0000" stop="20181222235900 +0000" channel="Georgia">
    <title lang="en">[COLOR blue]Georgia[/COLOR] - Live Local News Network Streams</title>
    <sub-title lang="en">All day long</sub-title>
    <desc lang="en">[COLOR orange]Stream Available During Regularly Scheduled Air Times.  Some networks provide 24/7 news streams.[/COLOR].</desc>
  </programme>
  <programme start="20181223000000 +0000" stop="20181223235900 +0000" channel="Georgia">
    <title lang="en">[COLOR blue]Georgia[/COLOR] - Live Local News Network Streams</title>
    <sub-title lang="en">All day long</sub-title>
    <desc lang="en">[COLOR orange]Stream Available During Regularly Scheduled Air Times.  Some networks provide 24/7 news streams.[/COLOR].</desc>
  </programme>
  <programme start="20181224000000 +0000" stop="20181224235900 +0000" channel="Georgia">
    <title lang="en">[COLOR blue]Georgia[/COLOR] - Live Local News Network Streams</title>
    <sub-title lang="en">All day long</sub-title>
    <desc lang="en">[COLOR orange]Stream Available During Regularly Scheduled Air Times.  Some networks provide 24/7 news streams.[/COLOR].</desc>
  </programme>
  <programme start="20181221000000 +0000" stop="20181221235900 +0000" channel="Idaho">
    <title lang="en">[COLOR blue]Idaho[/COLOR] - Live Local News Network Streams</title>
    <sub-title lang="en">All day long</sub-title>
    <desc lang="en">[COLOR orange]Stream Available During Regularly Scheduled Air Times.  Some networks provide 24/7 news streams.[/COLOR].</desc>
  </programme>
  <programme start="20181222000000 +0000" stop="20181222235900 +0000" channel="Idaho">
    <title lang="en">[COLOR blue]Idaho[/COLOR] - Live Local News Network Streams</title>
    <sub-title lang="en">All day long</sub-title>
    <desc lang="en">[COLOR orange]Stream Available During Regularly Scheduled Air Times.  Some networks provide 24/7 news streams.[/COLOR].</desc>
  </programme>
  <programme start="20181223000000 +0000" stop="20181223235900 +0000" channel="Idaho">
    <title lang="en">[COLOR blue]Idaho[/COLOR] - Live Local News Network Streams</title>
    <sub-title lang="en">All day long</sub-title>
    <desc lang="en">[COLOR orange]Stream Available During Regularly Scheduled Air Times.  Some networks provide 24/7 news streams.[/COLOR].</desc>
  </programme>
  <programme start="20181224000000 +0000" stop="20181224235900 +0000" channel="Idaho">
    <title lang="en">[COLOR blue]Idaho[/COLOR] - Live Local News Network Streams</title>
    <sub-title lang="en">All day long</sub-title>
    <desc lang="en">[COLOR orange]Stream Available During Regularly Scheduled Air Times.  Some networks provide 24/7 news streams.[/COLOR].</desc>
  </programme>
  <programme start="20181221000000 +0000" stop="20181221235900 +0000" channel="Illinois">
    <title lang="en">[COLOR blue]Illinois[/COLOR] - Live Local News Network Streams</title>
    <sub-title lang="en">All day long</sub-title>
    <desc lang="en">[COLOR orange]Stream Available During Regularly Scheduled Air Times.  Some networks provide 24/7 news streams.[/COLOR].</desc>
  </programme>
  <programme start="20181222000000 +0000" stop="20181222235900 +0000" channel="Illinois">
    <title lang="en">[COLOR blue]Illinois[/COLOR] - Live Local News Network Streams</title>
    <sub-title lang="en">All day long</sub-title>
    <desc lang="en">[COLOR orange]Stream Available During Regularly Scheduled Air Times.  Some networks provide 24/7 news streams.[/COLOR].</desc>
  </programme>
  <programme start="20181223000000 +0000" stop="20181223235900 +0000" channel="Illinois">
    <title lang="en">[COLOR blue]Illinois[/COLOR] - Live Local News Network Streams</title>
    <sub-title lang="en">All day long</sub-title>
    <desc lang="en">[COLOR orange]Stream Available During Regularly Scheduled Air Times.  Some networks provide 24/7 news streams.[/COLOR].</desc>
  </programme>
  <programme start="20181224000000 +0000" stop="20181224235900 +0000" channel="Illinois">
    <title lang="en">[COLOR blue]Illinois[/COLOR] - Live Local News Network Streams</title>
    <sub-title lang="en">All day long</sub-title>
    <desc lang="en">[COLOR orange]Stream Available During Regularly Scheduled Air Times.  Some networks provide 24/7 news streams.[/COLOR].</desc>
  </programme>
  <programme start="20181221000000 +0000" stop="20181221235900 +0000" channel="Indiana">
    <title lang="en">[COLOR blue]Indiana[/COLOR] - Live Local News Network Streams</title>
    <sub-title lang="en">All day long</sub-title>
    <desc lang="en">[COLOR orange]Stream Available During Regularly Scheduled Air Times.  Some networks provide 24/7 news streams.[/COLOR].</desc>
  </programme>
  <programme start="20181222000000 +0000" stop="20181222235900 +0000" channel="Indiana">
    <title lang="en">[COLOR blue]Indiana[/COLOR] - Live Local News Network Streams</title>
    <sub-title lang="en">All day long</sub-title>
    <desc lang="en">[COLOR orange]Stream Available During Regularly Scheduled Air Times.  Some networks provide 24/7 news streams.[/COLOR].</desc>
  </programme>
  <programme start="20181223000000 +0000" stop="20181223235900 +0000" channel="Indiana">
    <title lang="en">[COLOR blue]Indiana[/COLOR] - Live Local News Network Streams</title>
    <sub-title lang="en">All day long</sub-title>
    <desc lang="en">[COLOR orange]Stream Available During Regularly Scheduled Air Times.  Some networks provide 24/7 news streams.[/COLOR].</desc>
  </programme>
  <programme start="20181224000000 +0000" stop="20181224235900 +0000" channel="Indiana">
    <title lang="en">[COLOR blue]Indiana[/COLOR] - Live Local News Network Streams</title>
    <sub-title lang="en">All day long</sub-title>
    <desc lang="en">[COLOR orange]Stream Available During Regularly Scheduled Air Times.  Some networks provide 24/7 news streams.[/COLOR].</desc>
  </programme>
  <programme start="20181221000000 +0000" stop="20181221235900 +0000" channel="Iowa">
    <title lang="en">[COLOR blue]Iowa[/COLOR] - Live Local News Network Streams</title>
    <sub-title lang="en">All day long</sub-title>
    <desc lang="en">[COLOR orange]Stream Available During Regularly Scheduled Air Times.  Some networks provide 24/7 news streams.[/COLOR].</desc>
  </programme>
  <programme start="20181222000000 +0000" stop="20181222235900 +0000" channel="Iowa">
    <title lang="en">[COLOR blue]Iowa[/COLOR] - Live Local News Network Streams</title>
    <sub-title lang="en">All day long</sub-title>
    <desc lang="en">[COLOR orange]Stream Available During Regularly Scheduled Air Times.  Some networks provide 24/7 news streams.[/COLOR].</desc>
  </programme>
  <programme start="20181223000000 +0000" stop="20181223235900 +0000" channel="Iowa">
    <title lang="en">[COLOR blue]Iowa[/COLOR] - Live Local News Network Streams</title>
    <sub-title lang="en">All day long</sub-title>
    <desc lang="en">[COLOR orange]Stream Available During Regularly Scheduled Air Times.  Some networks provide 24/7 news streams.[/COLOR].</desc>
  </programme>
  <programme start="20181224000000 +0000" stop="20181224235900 +0000" channel="Iowa">
    <title lang="en">[COLOR blue]Iowa[/COLOR] - Live Local News Network Streams</title>
    <sub-title lang="en">All day long</sub-title>
    <desc lang="en">[COLOR orange]Stream Available During Regularly Scheduled Air Times.  Some networks provide 24/7 news streams.[/COLOR].</desc>
  </programme>
  <programme start="20181221000000 +0000" stop="20181221235900 +0000" channel="Kansas">
    <title lang="en">[COLOR blue]Kansas[/COLOR] - Live Local News Network Streams</title>
    <sub-title lang="en">All day long</sub-title>
    <desc lang="en">[COLOR orange]Stream Available During Regularly Scheduled Air Times.  Some networks provide 24/7 news streams.[/COLOR].</desc>
  </programme>
  <programme start="20181222000000 +0000" stop="20181222235900 +0000" channel="Kansas">
    <title lang="en">[COLOR blue]Kansas[/COLOR] - Live Local News Network Streams</title>
    <sub-title lang="en">All day long</sub-title>
    <desc lang="en">[COLOR orange]Stream Available During Regularly Scheduled Air Times.  Some networks provide 24/7 news streams.[/COLOR].</desc>
  </programme>
  <programme start="20181223000000 +0000" stop="20181223235900 +0000" channel="Kansas">
    <title lang="en">[COLOR blue]Kansas[/COLOR] - Live Local News Network Streams</title>
    <sub-title lang="en">All day long</sub-title>
    <desc lang="en">[COLOR orange]Stream Available During Regularly Scheduled Air Times.  Some networks provide 24/7 news streams.[/COLOR].</desc>
  </programme>
  <programme start="20181224000000 +0000" stop="20181224235900 +0000" channel="Kansas">
    <title lang="en">[COLOR blue]Kansas[/COLOR] - Live Local News Network Streams</title>
    <sub-title lang="en">All day long</sub-title>
    <desc lang="en">[COLOR orange]Stream Available During Regularly Scheduled Air Times.  Some networks provide 24/7 news streams.[/COLOR].</desc>
  </programme>
  <programme start="20181221000000 +0000" stop="20181221235900 +0000" channel="KDFW">
    <title lang="en">[COLOR blue]Kentucky[/COLOR] - Live Local News Network Streams</title>
    <sub-title lang="en">All day long</sub-title>
    <desc lang="en">[COLOR orange]Stream Available During Regularly Scheduled Air Times.  Some networks provide 24/7 news streams.[/COLOR].</desc>
  </programme>
  <programme start="20181222000000 +0000" stop="20181222235900 +0000" channel="KDFW">
    <title lang="en">[COLOR blue]Kentucky[/COLOR] - Live Local News Network Streams</title>
    <sub-title lang="en">All day long</sub-title>
    <desc lang="en">[COLOR orange]Stream Available During Regularly Scheduled Air Times.  Some networks provide 24/7 news streams.[/COLOR].</desc>
  </programme>
  <programme start="20181223000000 +0000" stop="20181223235900 +0000" channel="KDFW">
    <title lang="en">[COLOR blue]Kentucky[/COLOR] - Live Local News Network Streams</title>
    <sub-title lang="en">All day long</sub-title>
    <desc lang="en">[COLOR orange]Stream Available During Regularly Scheduled Air Times.  Some networks provide 24/7 news streams.[/COLOR].</desc>
  </programme>
  <programme start="20181224000000 +0000" stop="20181224235900 +0000" channel="KDFW">
    <title lang="en">[COLOR blue]Kentucky[/COLOR] - Live Local News Network Streams</title>
    <sub-title lang="en">All day long</sub-title>
    <desc lang="en">[COLOR orange]Stream Available During Regularly Scheduled Air Times.  Some networks provide 24/7 news streams.[/COLOR].</desc>
  </programme>
  <programme start="20181221000000 +0000" stop="20181221235900 +0000" channel="Kentucky">
    <title lang="en">[COLOR blue]Kentucky[/COLOR] - Live Local News Network Streams</title>
    <sub-title lang="en">All day long</sub-title>
    <desc lang="en">[COLOR orange]Stream Available During Regularly Scheduled Air Times.  Some networks provide 24/7 news streams.[/COLOR].</desc>
  </programme>
  <programme start="20181222000000 +0000" stop="20181222235900 +0000" channel="Kentucky">
    <title lang="en">[COLOR blue]Kentucky[/COLOR] - Live Local News Network Streams</title>
    <sub-title lang="en">All day long</sub-title>
    <desc lang="en">[COLOR orange]Stream Available During Regularly Scheduled Air Times.  Some networks provide 24/7 news streams.[/COLOR].</desc>
  </programme>
  <programme start="20181223000000 +0000" stop="20181223235900 +0000" channel="Kentucky">
    <title lang="en">[COLOR blue]Kentucky[/COLOR] - Live Local News Network Streams</title>
    <sub-title lang="en">All day long</sub-title>
    <desc lang="en">[COLOR orange]Stream Available During Regularly Scheduled Air Times.  Some networks provide 24/7 news streams.[/COLOR].</desc>
  </programme>
  <programme start="20181224000000 +0000" stop="20181224235900 +0000" channel="Kentucky">
    <title lang="en">[COLOR blue]Kentucky[/COLOR] - Live Local News Network Streams</title>
    <sub-title lang="en">All day long</sub-title>
    <desc lang="en">[COLOR orange]Stream Available During Regularly Scheduled Air Times.  Some networks provide 24/7 news streams.[/COLOR].</desc>
  </programme>
  <programme start="20181221000000 +0000" stop="20181221235900 +0000" channel="Louisiana">
    <title lang="en">[COLOR blue]Louisiana[/COLOR] - Live Local News Network Streams</title>
    <sub-title lang="en">All day long</sub-title>
    <desc lang="en">[COLOR orange]Stream Available During Regularly Scheduled Air Times.  Some networks provide 24/7 news streams.[/COLOR].</desc>
  </programme>
  <programme start="20181222000000 +0000" stop="20181222235900 +0000" channel="Louisiana">
    <title lang="en">[COLOR blue]Louisiana[/COLOR] - Live Local News Network Streams</title>
    <sub-title lang="en">All day long</sub-title>
    <desc lang="en">[COLOR orange]Stream Available During Regularly Scheduled Air Times.  Some networks provide 24/7 news streams.[/COLOR].</desc>
  </programme>
  <programme start="20181223000000 +0000" stop="20181223235900 +0000" channel="Louisiana">
    <title lang="en">[COLOR blue]Louisiana[/COLOR] - Live Local News Network Streams</title>
    <sub-title lang="en">All day long</sub-title>
    <desc lang="en">[COLOR orange]Stream Available During Regularly Scheduled Air Times.  Some networks provide 24/7 news streams.[/COLOR].</desc>
  </programme>
  <programme start="20181224000000 +0000" stop="20181224235900 +0000" channel="Louisiana">
    <title lang="en">[COLOR blue]Louisiana[/COLOR] - Live Local News Network Streams</title>
    <sub-title lang="en">All day long</sub-title>
    <desc lang="en">[COLOR orange]Stream Available During Regularly Scheduled Air Times.  Some networks provide 24/7 news streams.[/COLOR].</desc>
  </programme>
  <programme start="20181221000000 +0000" stop="20181221235900 +0000" channel="Maine">
    <title lang="en">[COLOR blue]Maine[/COLOR] - Live Local News Network Streams</title>
    <sub-title lang="en">All day long</sub-title>
    <desc lang="en">[COLOR orange]Stream Available During Regularly Scheduled Air Times.  Some networks provide 24/7 news streams.[/COLOR].</desc>
  </programme>
  <programme start="20181222000000 +0000" stop="20181222235900 +0000" channel="Maine">
    <title lang="en">[COLOR blue]Maine[/COLOR] - Live Local News Network Streams</title>
    <sub-title lang="en">All day long</sub-title>
    <desc lang="en">[COLOR orange]Stream Available During Regularly Scheduled Air Times.  Some networks provide 24/7 news streams.[/COLOR].</desc>
  </programme>
  <programme start="20181223000000 +0000" stop="20181223235900 +0000" channel="Maine">
    <title lang="en">[COLOR blue]Maine[/COLOR] - Live Local News Network Streams</title>
    <sub-title lang="en">All day long</sub-title>
    <desc lang="en">[COLOR orange]Stream Available During Regularly Scheduled Air Times.  Some networks provide 24/7 news streams.[/COLOR].</desc>
  </programme>
  <programme start="20181224000000 +0000" stop="20181224235900 +0000" channel="Maine">
    <title lang="en">[COLOR blue]Maine[/COLOR] - Live Local News Network Streams</title>
    <sub-title lang="en">All day long</sub-title>
    <desc lang="en">[COLOR orange]Stream Available During Regularly Scheduled Air Times.  Some networks provide 24/7 news streams.[/COLOR].</desc>
  </programme>
  <programme start="20181221000000 +0000" stop="20181221235900 +0000" channel="Massachusetts">
    <title lang="en">[COLOR blue]Massachusetts[/COLOR] - Live Local News Network Streams</title>
    <sub-title lang="en">All day long</sub-title>
    <desc lang="en">[COLOR orange]Stream Available During Regularly Scheduled Air Times.  Some networks provide 24/7 news streams.[/COLOR].</desc>
  </programme>
  <programme start="20181222000000 +0000" stop="20181222235900 +0000" channel="Massachusetts">
    <title lang="en">[COLOR blue]Massachusetts[/COLOR] - Live Local News Network Streams</title>
    <sub-title lang="en">All day long</sub-title>
    <desc lang="en">[COLOR orange]Stream Available During Regularly Scheduled Air Times.  Some networks provide 24/7 news streams.[/COLOR].</desc>
  </programme>
  <programme start="20181223000000 +0000" stop="20181223235900 +0000" channel="Massachusetts">
    <title lang="en">[COLOR blue]Massachusetts[/COLOR] - Live Local News Network Streams</title>
    <sub-title lang="en">All day long</sub-title>
    <desc lang="en">[COLOR orange]Stream Available During Regularly Scheduled Air Times.  Some networks provide 24/7 news streams.[/COLOR].</desc>
  </programme>
  <programme start="20181224000000 +0000" stop="20181224235900 +0000" channel="Massachusetts">
    <title lang="en">[COLOR blue]Massachusetts[/COLOR] - Live Local News Network Streams</title>
    <sub-title lang="en">All day long</sub-title>
    <desc lang="en">[COLOR orange]Stream Available During Regularly Scheduled Air Times.  Some networks provide 24/7 news streams.[/COLOR].</desc>
  </programme>
  <programme start="20181221000000 +0000" stop="20181221235900 +0000" channel="Michigan">
    <title lang="en">[COLOR blue]Michigan[/COLOR] - Live Local News Network Streams</title>
    <sub-title lang="en">All day long</sub-title>
    <desc lang="en">[COLOR orange]Stream Available During Regularly Scheduled Air Times.  Some networks provide 24/7 news streams.[/COLOR].</desc>
  </programme>
  <programme start="20181222000000 +0000" stop="20181222235900 +0000" channel="Michigan">
    <title lang="en">[COLOR blue]Michigan[/COLOR] - Live Local News Network Streams</title>
    <sub-title lang="en">All day long</sub-title>
    <desc lang="en">[COLOR orange]Stream Available During Regularly Scheduled Air Times.  Some networks provide 24/7 news streams.[/COLOR].</desc>
  </programme>
  <programme start="20181223000000 +0000" stop="20181223235900 +0000" channel="Michigan">
    <title lang="en">[COLOR blue]Michigan[/COLOR] - Live Local News Network Streams</title>
    <sub-title lang="en">All day long</sub-title>
    <desc lang="en">[COLOR orange]Stream Available During Regularly Scheduled Air Times.  Some networks provide 24/7 news streams.[/COLOR].</desc>
  </programme>
  <programme start="20181224000000 +0000" stop="20181224235900 +0000" channel="Michigan">
    <title lang="en">[COLOR blue]Michigan[/COLOR] - Live Local News Network Streams</title>
    <sub-title lang="en">All day long</sub-title>
    <desc lang="en">[COLOR orange]Stream Available During Regularly Scheduled Air Times.  Some networks provide 24/7 news streams.[/COLOR].</desc>
  </programme>
  <programme start="20181221000000 +0000" stop="20181221235900 +0000" channel="Minnesota">
    <title lang="en">[COLOR blue]Minnesota[/COLOR] - Live Local News Network Streams</title>
    <sub-title lang="en">All day long</sub-title>
    <desc lang="en">[COLOR orange]Stream Available During Regularly Scheduled Air Times.  Some networks provide 24/7 news streams.[/COLOR].</desc>
  </programme>
  <programme start="20181222000000 +0000" stop="20181222235900 +0000" channel="Minnesota">
    <title lang="en">[COLOR blue]Minnesota[/COLOR] - Live Local News Network Streams</title>
    <sub-title lang="en">All day long</sub-title>
    <desc lang="en">[COLOR orange]Stream Available During Regularly Scheduled Air Times.  Some networks provide 24/7 news streams.[/COLOR].</desc>
  </programme>
  <programme start="20181223000000 +0000" stop="20181223235900 +0000" channel="Minnesota">
    <title lang="en">[COLOR blue]Minnesota[/COLOR] - Live Local News Network Streams</title>
    <sub-title lang="en">All day long</sub-title>
    <desc lang="en">[COLOR orange]Stream Available During Regularly Scheduled Air Times.  Some networks provide 24/7 news streams.[/COLOR].</desc>
  </programme>
  <programme start="20181224000000 +0000" stop="20181224235900 +0000" channel="Minnesota">
    <title lang="en">[COLOR blue]Minnesota[/COLOR] - Live Local News Network Streams</title>
    <sub-title lang="en">All day long</sub-title>
    <desc lang="en">[COLOR orange]Stream Available During Regularly Scheduled Air Times.  Some networks provide 24/7 news streams.[/COLOR].</desc>
  </programme>
  <programme start="20181221000000 +0000" stop="20181221235900 +0000" channel="Mississippi">
    <title lang="en">[COLOR blue]Mississippi[/COLOR] - Live Local News Network Streams</title>
    <sub-title lang="en">All day long</sub-title>
    <desc lang="en">[COLOR orange]Stream Available During Regularly Scheduled Air Times.  Some networks provide 24/7 news streams.[/COLOR].</desc>
  </programme>
  <programme start="20181222000000 +0000" stop="20181222235900 +0000" channel="Mississippi">
    <title lang="en">[COLOR blue]Mississippi[/COLOR] - Live Local News Network Streams</title>
    <sub-title lang="en">All day long</sub-title>
    <desc lang="en">[COLOR orange]Stream Available During Regularly Scheduled Air Times.  Some networks provide 24/7 news streams.[/COLOR].</desc>
  </programme>
  <programme start="20181223000000 +0000" stop="20181223235900 +0000" channel="Mississippi">
    <title lang="en">[COLOR blue]Mississippi[/COLOR] - Live Local News Network Streams</title>
    <sub-title lang="en">All day long</sub-title>
    <desc lang="en">[COLOR orange]Stream Available During Regularly Scheduled Air Times.  Some networks provide 24/7 news streams.[/COLOR].</desc>
  </programme>
  <programme start="20181224000000 +0000" stop="20181224235900 +0000" channel="Mississippi">
    <title lang="en">[COLOR blue]Mississippi[/COLOR] - Live Local News Network Streams</title>
    <sub-title lang="en">All day long</sub-title>
    <desc lang="en">[COLOR orange]Stream Available During Regularly Scheduled Air Times.  Some networks provide 24/7 news streams.[/COLOR].</desc>
  </programme>
  <programme start="20181221000000 +0000" stop="20181221235900 +0000" channel="Missouri">
    <title lang="en">[COLOR blue]Missouri[/COLOR] - Live Local News Network Streams</title>
    <sub-title lang="en">All day long</sub-title>
    <desc lang="en">[COLOR orange]Stream Available During Regularly Scheduled Air Times.  Some networks provide 24/7 news streams.[/COLOR].</desc>
  </programme>
  <programme start="20181222000000 +0000" stop="20181222235900 +0000" channel="Missouri">
    <title lang="en">[COLOR blue]Missouri[/COLOR] - Live Local News Network Streams</title>
    <sub-title lang="en">All day long</sub-title>
    <desc lang="en">[COLOR orange]Stream Available During Regularly Scheduled Air Times.  Some networks provide 24/7 news streams.[/COLOR].</desc>
  </programme>
  <programme start="20181223000000 +0000" stop="20181223235900 +0000" channel="Missouri">
    <title lang="en">[COLOR blue]Missouri[/COLOR] - Live Local News Network Streams</title>
    <sub-title lang="en">All day long</sub-title>
    <desc lang="en">[COLOR orange]Stream Available During Regularly Scheduled Air Times.  Some networks provide 24/7 news streams.[/COLOR].</desc>
  </programme>
  <programme start="20181224000000 +0000" stop="20181224235900 +0000" channel="Missouri">
    <title lang="en">[COLOR blue]Missouri[/COLOR] - Live Local News Network Streams</title>
    <sub-title lang="en">All day long</sub-title>
    <desc lang="en">[COLOR orange]Stream Available During Regularly Scheduled Air Times.  Some networks provide 24/7 news streams.[/COLOR].</desc>
  </programme>
  <programme start="20181221000000 +0000" stop="20181221235900 +0000" channel="Montana">
    <title lang="en">[COLOR blue]Montana[/COLOR] - Live Local News Network Streams</title>
    <sub-title lang="en">All day long</sub-title>
    <desc lang="en">[COLOR orange]Stream Available During Regularly Scheduled Air Times.  Some networks provide 24/7 news streams.[/COLOR].</desc>
  </programme>
  <programme start="20181222000000 +0000" stop="20181222235900 +0000" channel="Montana">
    <title lang="en">[COLOR blue]Montana[/COLOR] - Live Local News Network Streams</title>
    <sub-title lang="en">All day long</sub-title>
    <desc lang="en">[COLOR orange]Stream Available During Regularly Scheduled Air Times.  Some networks provide 24/7 news streams.[/COLOR].</desc>
  </programme>
  <programme start="20181223000000 +0000" stop="20181223235900 +0000" channel="Montana">
    <title lang="en">[COLOR blue]Montana[/COLOR] - Live Local News Network Streams</title>
    <sub-title lang="en">All day long</sub-title>
    <desc lang="en">[COLOR orange]Stream Available During Regularly Scheduled Air Times.  Some networks provide 24/7 news streams.[/COLOR].</desc>
  </programme>
  <programme start="20181224000000 +0000" stop="20181224235900 +0000" channel="Montana">
    <title lang="en">[COLOR blue]Montana[/COLOR] - Live Local News Network Streams</title>
    <sub-title lang="en">All day long</sub-title>
    <desc lang="en">[COLOR orange]Stream Available During Regularly Scheduled Air Times.  Some networks provide 24/7 news streams.[/COLOR].</desc>
  </programme>
  <programme start="20181221000000 +0000" stop="20181221235900 +0000" channel="Nebraska">
    <title lang="en">[COLOR blue]Nebraska[/COLOR] - Live Local News Network Streams</title>
    <sub-title lang="en">All day long</sub-title>
    <desc lang="en">[COLOR orange]Stream Available During Regularly Scheduled Air Times.  Some networks provide 24/7 news streams.[/COLOR].</desc>
  </programme>
  <programme start="20181222000000 +0000" stop="20181222235900 +0000" channel="Nebraska">
    <title lang="en">[COLOR blue]Nebraska[/COLOR] - Live Local News Network Streams</title>
    <sub-title lang="en">All day long</sub-title>
    <desc lang="en">[COLOR orange]Stream Available During Regularly Scheduled Air Times.  Some networks provide 24/7 news streams.[/COLOR].</desc>
  </programme>
  <programme start="20181223000000 +0000" stop="20181223235900 +0000" channel="Nebraska">
    <title lang="en">[COLOR blue]Nebraska[/COLOR] - Live Local News Network Streams</title>
    <sub-title lang="en">All day long</sub-title>
    <desc lang="en">[COLOR orange]Stream Available During Regularly Scheduled Air Times.  Some networks provide 24/7 news streams.[/COLOR].</desc>
  </programme>
  <programme start="20181224000000 +0000" stop="20181224235900 +0000" channel="Nebraska">
    <title lang="en">[COLOR blue]Nebraska[/COLOR] - Live Local News Network Streams</title>
    <sub-title lang="en">All day long</sub-title>
    <desc lang="en">[COLOR orange]Stream Available During Regularly Scheduled Air Times.  Some networks provide 24/7 news streams.[/COLOR].</desc>
  </programme>
  <programme start="20181221000000 +0000" stop="20181221235900 +0000" channel="Nevada">
    <title lang="en">[COLOR blue]Nevada[/COLOR] - Live Local News Network Streams</title>
    <sub-title lang="en">All day long</sub-title>
    <desc lang="en">[COLOR orange]Stream Available During Regularly Scheduled Air Times.  Some networks provide 24/7 news streams.[/COLOR].</desc>
  </programme>
  <programme start="20181222000000 +0000" stop="20181222235900 +0000" channel="Nevada">
    <title lang="en">[COLOR blue]Nevada[/COLOR] - Live Local News Network Streams</title>
    <sub-title lang="en">All day long</sub-title>
    <desc lang="en">[COLOR orange]Stream Available During Regularly Scheduled Air Times.  Some networks provide 24/7 news streams.[/COLOR].</desc>
  </programme>
  <programme start="20181223000000 +0000" stop="20181223235900 +0000" channel="Nevada">
    <title lang="en">[COLOR blue]Nevada[/COLOR] - Live Local News Network Streams</title>
    <sub-title lang="en">All day long</sub-title>
    <desc lang="en">[COLOR orange]Stream Available During Regularly Scheduled Air Times.  Some networks provide 24/7 news streams.[/COLOR].</desc>
  </programme>
  <programme start="20181224000000 +0000" stop="20181224235900 +0000" channel="Nevada">
    <title lang="en">[COLOR blue]Nevada[/COLOR] - Live Local News Network Streams</title>
    <sub-title lang="en">All day long</sub-title>
    <desc lang="en">[COLOR orange]Stream Available During Regularly Scheduled Air Times.  Some networks provide 24/7 news streams.[/COLOR].</desc>
  </programme>
  <programme start="20181221000000 +0000" stop="20181221235900 +0000" channel="New Jersey">
    <title lang="en">[COLOR blue]New Jersey[/COLOR] - Live Local News Network Streams</title>
    <sub-title lang="en">All day long</sub-title>
    <desc lang="en">[COLOR orange]Stream Available During Regularly Scheduled Air Times.  Some networks provide 24/7 news streams.[/COLOR].</desc>
  </programme>
  <programme start="20181222000000 +0000" stop="20181222235900 +0000" channel="New Jersey">
    <title lang="en">[COLOR blue]New Jersey[/COLOR] - Live Local News Network Streams</title>
    <sub-title lang="en">All day long</sub-title>
    <desc lang="en">[COLOR orange]Stream Available During Regularly Scheduled Air Times.  Some networks provide 24/7 news streams.[/COLOR].</desc>
  </programme>
  <programme start="20181223000000 +0000" stop="20181223235900 +0000" channel="New Jersey">
    <title lang="en">[COLOR blue]New Jersey[/COLOR] - Live Local News Network Streams</title>
    <sub-title lang="en">All day long</sub-title>
    <desc lang="en">[COLOR orange]Stream Available During Regularly Scheduled Air Times.  Some networks provide 24/7 news streams.[/COLOR].</desc>
  </programme>
  <programme start="20181224000000 +0000" stop="20181224235900 +0000" channel="New Jersey">
    <title lang="en">[COLOR blue]New Jersey[/COLOR] - Live Local News Network Streams</title>
    <sub-title lang="en">All day long</sub-title>
    <desc lang="en">[COLOR orange]Stream Available During Regularly Scheduled Air Times.  Some networks provide 24/7 news streams.[/COLOR].</desc>
  </programme>
  <programme start="20181221000000 +0000" stop="20181221235900 +0000" channel="New Mexico">
    <title lang="en">[COLOR blue]New Mexico[/COLOR] - Live Local News Network Streams</title>
    <sub-title lang="en">All day long</sub-title>
    <desc lang="en">[COLOR orange]Stream Available During Regularly Scheduled Air Times.  Some networks provide 24/7 news streams.[/COLOR].</desc>
  </programme>
  <programme start="20181222000000 +0000" stop="20181222235900 +0000" channel="New Mexico">
    <title lang="en">[COLOR blue]New Mexico[/COLOR] - Live Local News Network Streams</title>
    <sub-title lang="en">All day long</sub-title>
    <desc lang="en">[COLOR orange]Stream Available During Regularly Scheduled Air Times.  Some networks provide 24/7 news streams.[/COLOR].</desc>
  </programme>
  <programme start="20181223000000 +0000" stop="20181223235900 +0000" channel="New Mexico">
    <title lang="en">[COLOR blue]New Mexico[/COLOR] - Live Local News Network Streams</title>
    <sub-title lang="en">All day long</sub-title>
    <desc lang="en">[COLOR orange]Stream Available During Regularly Scheduled Air Times.  Some networks provide 24/7 news streams.[/COLOR].</desc>
  </programme>
  <programme start="20181224000000 +0000" stop="20181224235900 +0000" channel="New Mexico">
    <title lang="en">[COLOR blue]New Mexico[/COLOR] - Live Local News Network Streams</title>
    <sub-title lang="en">All day long</sub-title>
    <desc lang="en">[COLOR orange]Stream Available During Regularly Scheduled Air Times.  Some networks provide 24/7 news streams.[/COLOR].</desc>
  </programme>
  <programme start="20181221000000 +0000" stop="20181221235900 +0000" channel="New York">
    <title lang="en">[COLOR blue]New York[/COLOR] - Live Local News Network Streams</title>
    <sub-title lang="en">All day long</sub-title>
    <desc lang="en">[COLOR orange]Stream Available During Regularly Scheduled Air Times.  Some networks provide 24/7 news streams.[/COLOR].</desc>
  </programme>
  <programme start="20181222000000 +0000" stop="20181222235900 +0000" channel="New York">
    <title lang="en">[COLOR blue]New York[/COLOR] - Live Local News Network Streams</title>
    <sub-title lang="en">All day long</sub-title>
    <desc lang="en">[COLOR orange]Stream Available During Regularly Scheduled Air Times.  Some networks provide 24/7 news streams.[/COLOR].</desc>
  </programme>
  <programme start="20181223000000 +0000" stop="20181223235900 +0000" channel="New York">
    <title lang="en">[COLOR blue]New York[/COLOR] - Live Local News Network Streams</title>
    <sub-title lang="en">All day long</sub-title>
    <desc lang="en">[COLOR orange]Stream Available During Regularly Scheduled Air Times.  Some networks provide 24/7 news streams.[/COLOR].</desc>
  </programme>
  <programme start="20181224000000 +0000" stop="20181224235900 +0000" channel="New York">
    <title lang="en">[COLOR blue]New York[/COLOR] - Live Local News Network Streams</title>
    <sub-title lang="en">All day long</sub-title>
    <desc lang="en">[COLOR orange]Stream Available During Regularly Scheduled Air Times.  Some networks provide 24/7 news streams.[/COLOR].</desc>
  </programme>
  <programme start="20181221000000 +0000" stop="20181221235900 +0000" channel="North Carolina">
    <title lang="en">[COLOR blue]North Carolina[/COLOR] - Live Local News Network Streams</title>
    <sub-title lang="en">All day long</sub-title>
    <desc lang="en">[COLOR orange]Stream Available During Regularly Scheduled Air Times.  Some networks provide 24/7 news streams.[/COLOR].</desc>
  </programme>
  <programme start="20181222000000 +0000" stop="20181222235900 +0000" channel="North Carolina">
    <title lang="en">[COLOR blue]North Carolina[/COLOR] - Live Local News Network Streams</title>
    <sub-title lang="en">All day long</sub-title>
    <desc lang="en">[COLOR orange]Stream Available During Regularly Scheduled Air Times.  Some networks provide 24/7 news streams.[/COLOR].</desc>
  </programme>
  <programme start="20181223000000 +0000" stop="20181223235900 +0000" channel="North Carolina">
    <title lang="en">[COLOR blue]North Carolina[/COLOR] - Live Local News Network Streams</title>
    <sub-title lang="en">All day long</sub-title>
    <desc lang="en">[COLOR orange]Stream Available During Regularly Scheduled Air Times.  Some networks provide 24/7 news streams.[/COLOR].</desc>
  </programme>
  <programme start="20181224000000 +0000" stop="20181224235900 +0000" channel="North Carolina">
    <title lang="en">[COLOR blue]North Carolina[/COLOR] - Live Local News Network Streams</title>
    <sub-title lang="en">All day long</sub-title>
    <desc lang="en">[COLOR orange]Stream Available During Regularly Scheduled Air Times.  Some networks provide 24/7 news streams.[/COLOR].</desc>
  </programme>
  <programme start="20181221000000 +0000" stop="20181221235900 +0000" channel="Ohio">
    <title lang="en">[COLOR blue]Ohio[/COLOR] - Live Local News Network Streams</title>
    <sub-title lang="en">All day long</sub-title>
    <desc lang="en">[COLOR orange]Stream Available During Regularly Scheduled Air Times.  Some networks provide 24/7 news streams.[/COLOR].</desc>
  </programme>
  <programme start="20181222000000 +0000" stop="20181222235900 +0000" channel="Ohio">
    <title lang="en">[COLOR blue]Ohio[/COLOR] - Live Local News Network Streams</title>
    <sub-title lang="en">All day long</sub-title>
    <desc lang="en">[COLOR orange]Stream Available During Regularly Scheduled Air Times.  Some networks provide 24/7 news streams.[/COLOR].</desc>
  </programme>
  <programme start="20181223000000 +0000" stop="20181223235900 +0000" channel="Ohio">
    <title lang="en">[COLOR blue]Ohio[/COLOR] - Live Local News Network Streams</title>
    <sub-title lang="en">All day long</sub-title>
    <desc lang="en">[COLOR orange]Stream Available During Regularly Scheduled Air Times.  Some networks provide 24/7 news streams.[/COLOR].</desc>
  </programme>
  <programme start="20181224000000 +0000" stop="20181224235900 +0000" channel="Ohio">
    <title lang="en">[COLOR blue]Ohio[/COLOR] - Live Local News Network Streams</title>
    <sub-title lang="en">All day long</sub-title>
    <desc lang="en">[COLOR orange]Stream Available During Regularly Scheduled Air Times.  Some networks provide 24/7 news streams.[/COLOR].</desc>
  </programme>
  <programme start="20181221000000 +0000" stop="20181221235900 +0000" channel="Oklahoma">
    <title lang="en">[COLOR blue]Oklahoma[/COLOR] - Live Local News Network Streams</title>
    <sub-title lang="en">All day long</sub-title>
    <desc lang="en">[COLOR orange]Stream Available During Regularly Scheduled Air Times.  Some networks provide 24/7 news streams.[/COLOR].</desc>
  </programme>
  <programme start="20181222000000 +0000" stop="20181222235900 +0000" channel="Oklahoma">
    <title lang="en">[COLOR blue]Oklahoma[/COLOR] - Live Local News Network Streams</title>
    <sub-title lang="en">All day long</sub-title>
    <desc lang="en">[COLOR orange]Stream Available During Regularly Scheduled Air Times.  Some networks provide 24/7 news streams.[/COLOR].</desc>
  </programme>
  <programme start="20181223000000 +0000" stop="20181223235900 +0000" channel="Oklahoma">
    <title lang="en">[COLOR blue]Oklahoma[/COLOR] - Live Local News Network Streams</title>
    <sub-title lang="en">All day long</sub-title>
    <desc lang="en">[COLOR orange]Stream Available During Regularly Scheduled Air Times.  Some networks provide 24/7 news streams.[/COLOR].</desc>
  </programme>
  <programme start="20181224000000 +0000" stop="20181224235900 +0000" channel="Oklahoma">
    <title lang="en">[COLOR blue]Oklahoma[/COLOR] - Live Local News Network Streams</title>
    <sub-title lang="en">All day long</sub-title>
    <desc lang="en">[COLOR orange]Stream Available During Regularly Scheduled Air Times.  Some networks provide 24/7 news streams.[/COLOR].</desc>
  </programme>
  <programme start="20181221000000 +0000" stop="20181221235900 +0000" channel="Oregon">
    <title lang="en">[COLOR blue]Oregon[/COLOR] - Live Local News Network Streams</title>
    <sub-title lang="en">All day long</sub-title>
    <desc lang="en">[COLOR orange]Stream Available During Regularly Scheduled Air Times.  Some networks provide 24/7 news streams.[/COLOR].</desc>
  </programme>
  <programme start="20181222000000 +0000" stop="20181222235900 +0000" channel="Oregon">
    <title lang="en">[COLOR blue]Oregon[/COLOR] - Live Local News Network Streams</title>
    <sub-title lang="en">All day long</sub-title>
    <desc lang="en">[COLOR orange]Stream Available During Regularly Scheduled Air Times.  Some networks provide 24/7 news streams.[/COLOR].</desc>
  </programme>
  <programme start="20181223000000 +0000" stop="20181223235900 +0000" channel="Oregon">
    <title lang="en">[COLOR blue]Oregon[/COLOR] - Live Local News Network Streams</title>
    <sub-title lang="en">All day long</sub-title>
    <desc lang="en">[COLOR orange]Stream Available During Regularly Scheduled Air Times.  Some networks provide 24/7 news streams.[/COLOR].</desc>
  </programme>
  <programme start="20181224000000 +0000" stop="20181224235900 +0000" channel="Oregon">
    <title lang="en">[COLOR blue]Oregon[/COLOR] - Live Local News Network Streams</title>
    <sub-title lang="en">All day long</sub-title>
    <desc lang="en">[COLOR orange]Stream Available During Regularly Scheduled Air Times.  Some networks provide 24/7 news streams.[/COLOR].</desc>
  </programme>
  <programme start="20181221000000 +0000" stop="20181221235900 +0000" channel="Pennsylvania">
    <title lang="en">[COLOR blue]Pennsylvania[/COLOR] - Live Local News Network Streams</title>
    <sub-title lang="en">All day long</sub-title>
    <desc lang="en">[COLOR orange]Stream Available During Regularly Scheduled Air Times.  Some networks provide 24/7 news streams.[/COLOR].</desc>
  </programme>
  <programme start="20181222000000 +0000" stop="20181222235900 +0000" channel="Pennsylvania">
    <title lang="en">[COLOR blue]Pennsylvania[/COLOR] - Live Local News Network Streams</title>
    <sub-title lang="en">All day long</sub-title>
    <desc lang="en">[COLOR orange]Stream Available During Regularly Scheduled Air Times.  Some networks provide 24/7 news streams.[/COLOR].</desc>
  </programme>
  <programme start="20181223000000 +0000" stop="20181223235900 +0000" channel="Pennsylvania">
    <title lang="en">[COLOR blue]Pennsylvania[/COLOR] - Live Local News Network Streams</title>
    <sub-title lang="en">All day long</sub-title>
    <desc lang="en">[COLOR orange]Stream Available During Regularly Scheduled Air Times.  Some networks provide 24/7 news streams.[/COLOR].</desc>
  </programme>
  <programme start="20181224000000 +0000" stop="20181224235900 +0000" channel="Pennsylvania">
    <title lang="en">[COLOR blue]Pennsylvania[/COLOR] - Live Local News Network Streams</title>
    <sub-title lang="en">All day long</sub-title>
    <desc lang="en">[COLOR orange]Stream Available During Regularly Scheduled Air Times.  Some networks provide 24/7 news streams.[/COLOR].</desc>
  </programme>
  <programme start="20181221000000 +0000" stop="20181221235900 +0000" channel="Rhode Island">
    <title lang="en">[COLOR blue]Rhode Island[/COLOR] - Live Local News Network Streams</title>
    <sub-title lang="en">All day long</sub-title>
    <desc lang="en">[COLOR orange]Stream Available During Regularly Scheduled Air Times.  Some networks provide 24/7 news streams.[/COLOR].</desc>
  </programme>
  <programme start="20181222000000 +0000" stop="20181222235900 +0000" channel="Rhode Island">
    <title lang="en">[COLOR blue]Rhode Island[/COLOR] - Live Local News Network Streams</title>
    <sub-title lang="en">All day long</sub-title>
    <desc lang="en">[COLOR orange]Stream Available During Regularly Scheduled Air Times.  Some networks provide 24/7 news streams.[/COLOR].</desc>
  </programme>
  <programme start="20181223000000 +0000" stop="20181223235900 +0000" channel="Rhode Island">
    <title lang="en">[COLOR blue]Rhode Island[/COLOR] - Live Local News Network Streams</title>
    <sub-title lang="en">All day long</sub-title>
    <desc lang="en">[COLOR orange]Stream Available During Regularly Scheduled Air Times.  Some networks provide 24/7 news streams.[/COLOR].</desc>
  </programme>
  <programme start="20181224000000 +0000" stop="20181224235900 +0000" channel="Rhode Island">
    <title lang="en">[COLOR blue]Rhode Island[/COLOR] - Live Local News Network Streams</title>
    <sub-title lang="en">All day long</sub-title>
    <desc lang="en">[COLOR orange]Stream Available During Regularly Scheduled Air Times.  Some networks provide 24/7 news streams.[/COLOR].</desc>
  </programme>
  <programme start="20181221000000 +0000" stop="20181221235900 +0000" channel="South Carolina">
    <title lang="en">[COLOR blue]South Carolina[/COLOR] - Live Local News Network Streams</title>
    <sub-title lang="en">All day long</sub-title>
    <desc lang="en">[COLOR orange]Stream Available During Regularly Scheduled Air Times.  Some networks provide 24/7 news streams.[/COLOR].</desc>
  </programme>
  <programme start="20181222000000 +0000" stop="20181222235900 +0000" channel="South Carolina">
    <title lang="en">[COLOR blue]South Carolina[/COLOR] - Live Local News Network Streams</title>
    <sub-title lang="en">All day long</sub-title>
    <desc lang="en">[COLOR orange]Stream Available During Regularly Scheduled Air Times.  Some networks provide 24/7 news streams.[/COLOR].</desc>
  </programme>
  <programme start="20181223000000 +0000" stop="20181223235900 +0000" channel="South Carolina">
    <title lang="en">[COLOR blue]South Carolina[/COLOR] - Live Local News Network Streams</title>
    <sub-title lang="en">All day long</sub-title>
    <desc lang="en">[COLOR orange]Stream Available During Regularly Scheduled Air Times.  Some networks provide 24/7 news streams.[/COLOR].</desc>
  </programme>
  <programme start="20181224000000 +0000" stop="20181224235900 +0000" channel="South Carolina">
    <title lang="en">[COLOR blue]South Carolina[/COLOR] - Live Local News Network Streams</title>
    <sub-title lang="en">All day long</sub-title>
    <desc lang="en">[COLOR orange]Stream Available During Regularly Scheduled Air Times.  Some networks provide 24/7 news streams.[/COLOR].</desc>
  </programme>
  <programme start="20181221000000 +0000" stop="20181221235900 +0000" channel="South Dakota">
    <title lang="en">[COLOR blue]South Dakota[/COLOR] - Live Local News Network Streams</title>
    <sub-title lang="en">All day long</sub-title>
    <desc lang="en">[COLOR orange]Stream Available During Regularly Scheduled Air Times.  Some networks provide 24/7 news streams.[/COLOR].</desc>
  </programme>
  <programme start="20181222000000 +0000" stop="20181222235900 +0000" channel="South Dakota">
    <title lang="en">[COLOR blue]South Dakota[/COLOR] - Live Local News Network Streams</title>
    <sub-title lang="en">All day long</sub-title>
    <desc lang="en">[COLOR orange]Stream Available During Regularly Scheduled Air Times.  Some networks provide 24/7 news streams.[/COLOR].</desc>
  </programme>
  <programme start="20181223000000 +0000" stop="20181223235900 +0000" channel="South Dakota">
    <title lang="en">[COLOR blue]South Dakota[/COLOR] - Live Local News Network Streams</title>
    <sub-title lang="en">All day long</sub-title>
    <desc lang="en">[COLOR orange]Stream Available During Regularly Scheduled Air Times.  Some networks provide 24/7 news streams.[/COLOR].</desc>
  </programme>
  <programme start="20181224000000 +0000" stop="20181224235900 +0000" channel="South Dakota">
    <title lang="en">[COLOR blue]South Dakota[/COLOR] - Live Local News Network Streams</title>
    <sub-title lang="en">All day long</sub-title>
    <desc lang="en">[COLOR orange]Stream Available During Regularly Scheduled Air Times.  Some networks provide 24/7 news streams.[/COLOR].</desc>
  </programme>
  <programme start="20181221000000 +0000" stop="20181221235900 +0000" channel="Tennessee">
    <title lang="en">[COLOR blue]Tennessee[/COLOR] - Live Local News Network Streams</title>
    <sub-title lang="en">All day long</sub-title>
    <desc lang="en">[COLOR orange]Stream Available During Regularly Scheduled Air Times.  Some networks provide 24/7 news streams.[/COLOR].</desc>
  </programme>
  <programme start="20181222000000 +0000" stop="20181222235900 +0000" channel="Tennessee">
    <title lang="en">[COLOR blue]Tennessee[/COLOR] - Live Local News Network Streams</title>
    <sub-title lang="en">All day long</sub-title>
    <desc lang="en">[COLOR orange]Stream Available During Regularly Scheduled Air Times.  Some networks provide 24/7 news streams.[/COLOR].</desc>
  </programme>
  <programme start="20181223000000 +0000" stop="20181223235900 +0000" channel="Tennessee">
    <title lang="en">[COLOR blue]Tennessee[/COLOR] - Live Local News Network Streams</title>
    <sub-title lang="en">All day long</sub-title>
    <desc lang="en">[COLOR orange]Stream Available During Regularly Scheduled Air Times.  Some networks provide 24/7 news streams.[/COLOR].</desc>
  </programme>
  <programme start="20181224000000 +0000" stop="20181224235900 +0000" channel="Tennessee">
    <title lang="en">[COLOR blue]Tennessee[/COLOR] - Live Local News Network Streams</title>
    <sub-title lang="en">All day long</sub-title>
    <desc lang="en">[COLOR orange]Stream Available During Regularly Scheduled Air Times.  Some networks provide 24/7 news streams.[/COLOR].</desc>
  </programme>
  <programme start="20181221000000 +0000" stop="20181221235900 +0000" channel="Texas">
    <title lang="en">[COLOR blue]Texas[/COLOR] - Live Local News Network Streams</title>
    <sub-title lang="en">All day long</sub-title>
    <desc lang="en">[COLOR orange]Stream Available During Regularly Scheduled Air Times.  Some networks provide 24/7 news streams.[/COLOR].</desc>
  </programme>
  <programme start="20181222000000 +0000" stop="20181222235900 +0000" channel="Texas">
    <title lang="en">[COLOR blue]Texas[/COLOR] - Live Local News Network Streams</title>
    <sub-title lang="en">All day long</sub-title>
    <desc lang="en">[COLOR orange]Stream Available During Regularly Scheduled Air Times.  Some networks provide 24/7 news streams.[/COLOR].</desc>
  </programme>
  <programme start="20181223000000 +0000" stop="20181223235900 +0000" channel="Texas">
    <title lang="en">[COLOR blue]Texas[/COLOR] - Live Local News Network Streams</title>
    <sub-title lang="en">All day long</sub-title>
    <desc lang="en">[COLOR orange]Stream Available During Regularly Scheduled Air Times.  Some networks provide 24/7 news streams.[/COLOR].</desc>
  </programme>
  <programme start="20181224000000 +0000" stop="20181224235900 +0000" channel="Texas">
    <title lang="en">[COLOR blue]Texas[/COLOR] - Live Local News Network Streams</title>
    <sub-title lang="en">All day long</sub-title>
    <desc lang="en">[COLOR orange]Stream Available During Regularly Scheduled Air Times.  Some networks provide 24/7 news streams.[/COLOR].</desc>
  </programme>
  <programme start="20181221000000 +0000" stop="20181221235900 +0000" channel="Utah">
    <title lang="en">[COLOR blue]Utah[/COLOR] - Live Local News Network Streams</title>
    <sub-title lang="en">All day long</sub-title>
    <desc lang="en">[COLOR orange]Stream Available During Regularly Scheduled Air Times.  Some networks provide 24/7 news streams.[/COLOR].</desc>
  </programme>
  <programme start="20181222000000 +0000" stop="20181222235900 +0000" channel="Utah">
    <title lang="en">[COLOR blue]Utah[/COLOR] - Live Local News Network Streams</title>
    <sub-title lang="en">All day long</sub-title>
    <desc lang="en">[COLOR orange]Stream Available During Regularly Scheduled Air Times.  Some networks provide 24/7 news streams.[/COLOR].</desc>
  </programme>
  <programme start="20181223000000 +0000" stop="20181223235900 +0000" channel="Utah">
    <title lang="en">[COLOR blue]Utah[/COLOR] - Live Local News Network Streams</title>
    <sub-title lang="en">All day long</sub-title>
    <desc lang="en">[COLOR orange]Stream Available During Regularly Scheduled Air Times.  Some networks provide 24/7 news streams.[/COLOR].</desc>
  </programme>
  <programme start="20181224000000 +0000" stop="20181224235900 +0000" channel="Utah">
    <title lang="en">[COLOR blue]Utah[/COLOR] - Live Local News Network Streams</title>
    <sub-title lang="en">All day long</sub-title>
    <desc lang="en">[COLOR orange]Stream Available During Regularly Scheduled Air Times.  Some networks provide 24/7 news streams.[/COLOR].</desc>
  </programme>
  <programme start="20181221000000 +0000" stop="20181221235900 +0000" channel="Virginia">
    <title lang="en">[COLOR blue]Virginia[/COLOR] - Live Local News Network Streams</title>
    <sub-title lang="en">All day long</sub-title>
    <desc lang="en">[COLOR orange]Stream Available During Regularly Scheduled Air Times.  Some networks provide 24/7 news streams.[/COLOR].</desc>
  </programme>
  <programme start="20181222000000 +0000" stop="20181222235900 +0000" channel="Virginia">
    <title lang="en">[COLOR blue]Virginia[/COLOR] - Live Local News Network Streams</title>
    <sub-title lang="en">All day long</sub-title>
    <desc lang="en">[COLOR orange]Stream Available During Regularly Scheduled Air Times.  Some networks provide 24/7 news streams.[/COLOR].</desc>
  </programme>
  <programme start="20181223000000 +0000" stop="20181223235900 +0000" channel="Virginia">
    <title lang="en">[COLOR blue]Virginia[/COLOR] - Live Local News Network Streams</title>
    <sub-title lang="en">All day long</sub-title>
    <desc lang="en">[COLOR orange]Stream Available During Regularly Scheduled Air Times.  Some networks provide 24/7 news streams.[/COLOR].</desc>
  </programme>
  <programme start="20181224000000 +0000" stop="20181224235900 +0000" channel="Virginia">
    <title lang="en">[COLOR blue]Virginia[/COLOR] - Live Local News Network Streams</title>
    <sub-title lang="en">All day long</sub-title>
    <desc lang="en">[COLOR orange]Stream Available During Regularly Scheduled Air Times.  Some networks provide 24/7 news streams.[/COLOR].</desc>
  </programme>
  <programme start="20181221000000 +0000" stop="20181221235900 +0000" channel="Washington">
    <title lang="en">[COLOR blue]Washington[/COLOR] - Live Local News Network Streams</title>
    <sub-title lang="en">All day long</sub-title>
    <desc lang="en">[COLOR orange]Stream Available During Regularly Scheduled Air Times.  Some networks provide 24/7 news streams.[/COLOR].</desc>
  </programme>
  <programme start="20181222000000 +0000" stop="20181222235900 +0000" channel="Washington">
    <title lang="en">[COLOR blue]Washington[/COLOR] - Live Local News Network Streams</title>
    <sub-title lang="en">All day long</sub-title>
    <desc lang="en">[COLOR orange]Stream Available During Regularly Scheduled Air Times.  Some networks provide 24/7 news streams.[/COLOR].</desc>
  </programme>
  <programme start="20181223000000 +0000" stop="20181223235900 +0000" channel="Washington">
    <title lang="en">[COLOR blue]Washington[/COLOR] - Live Local News Network Streams</title>
    <sub-title lang="en">All day long</sub-title>
    <desc lang="en">[COLOR orange]Stream Available During Regularly Scheduled Air Times.  Some networks provide 24/7 news streams.[/COLOR].</desc>
  </programme>
  <programme start="20181224000000 +0000" stop="20181224235900 +0000" channel="Washington">
    <title lang="en">[COLOR blue]Washington[/COLOR] - Live Local News Network Streams</title>
    <sub-title lang="en">All day long</sub-title>
    <desc lang="en">[COLOR orange]Stream Available During Regularly Scheduled Air Times.  Some networks provide 24/7 news streams.[/COLOR].</desc>
  </programme>
  <programme start="20181221000000 +0000" stop="20181221235900 +0000" channel="Wisconsin">
    <title lang="en">[COLOR blue]Wisconsin[/COLOR] - Live Local News Network Streams</title>
    <sub-title lang="en">All day long</sub-title>
    <desc lang="en">[COLOR orange]Stream Available During Regularly Scheduled Air Times.  Some networks provide 24/7 news streams.[/COLOR].</desc>
  </programme>
  <programme start="20181222000000 +0000" stop="20181222235900 +0000" channel="Wisconsin">
    <title lang="en">[COLOR blue]Wisconsin[/COLOR] - Live Local News Network Streams</title>
    <sub-title lang="en">All day long</sub-title>
    <desc lang="en">[COLOR orange]Stream Available During Regularly Scheduled Air Times.  Some networks provide 24/7 news streams.[/COLOR].</desc>
  </programme>
  <programme start="20181223000000 +0000" stop="20181223235900 +0000" channel="Wisconsin">
    <title lang="en">[COLOR blue]Wisconsin[/COLOR] - Live Local News Network Streams</title>
    <sub-title lang="en">All day long</sub-title>
    <desc lang="en">[COLOR orange]Stream Available During Regularly Scheduled Air Times.  Some networks provide 24/7 news streams.[/COLOR].</desc>
  </programme>
  <programme start="20181224000000 +0000" stop="20181224235900 +0000" channel="Wisconsin">
    <title lang="en">[COLOR blue]Wisconsin[/COLOR] - Live Local News Network Streams</title>
    <sub-title lang="en">All day long</sub-title>
    <desc lang="en">[COLOR orange]Stream Available During Regularly Scheduled Air Times.  Some networks provide 24/7 news streams.[/COLOR].</desc>
  </programme>
</tv>